{"cameraMode":{"drawMode":0,"name":"Shaded","section":"Shading Mode"},"sceneLighting":false,"audioPlay":false,"sceneViewState":{"showFog":false,"showMaterialUpdate":false,"showSkybox":false,"showFlares":true,"showImageEffects":true,"showParticleSystems":true,"showVisualEffectGraphs":true,"m_FxEnabled":true},"in2DMode":false,"pivot":{"x":0.05059480667114258,"y":0.20128761231899262,"z":-0.036995649337768558},"rotation":{"x":-0.12454261630773545,"y":0.2000630646944046,"z":-0.02564808912575245,"w":-0.9715029001235962},"size":2.957677125930786,"orthographic":false}